act,prompt
SOPLADOR PORTATIL 2000MAH 21V+ 1 BATERIAS,"<h1 data-spm-anchor-id=""a2700.wholesale.0.i2.f6234d85qaLuDm"">Soplador de aire de batería portátil eléctrico de 18V</h1>"
SOPLADOR 700W,SOPLADOR ASPIRADOR DE AIRE 700W LIMPIEZA DE PC LAPTOP HOGAR
Hidrolavadora Alta Presion Inalambrica Auto,"<h1 class=""product-single__title heading"">HIDROLAVADORA PORTATIL 48V ALTA PRESION</h1>"
MICROFONO INALAMBRICO 2 MIC,"<h1 id=""title"" class=""a-size-large a-spacing-none""><span id=""productTitle"" class=""a-size-large product-title-word-break"">Micrófono Inalámbrico Bluetooth Micrófono de Karaoke Profesional con Receptor Recargable Micrófono Inalámbrico con Batería de 1200 MAh Pantalla LED Elimina el Ruido de Fondo para Fiestas en Casa.</span></h1>"
MICROFONO 3.5MM + 2 MICROFONOS,"<h1 class=""product_title entry-title"">MICROFONO INALAMBRICO DOBLE K35</h1>"
MICROFONO TYPE C + ADAPTADOR IPHONE,"<h1 class=""_1hJph"" data-aut-id=""itemTitle"">Micrófono inalámbrico de solapa TIPO C + ADAPTADOR iphone import</h1>"
PISTOLA GEL LASER CON SILENCIADOR +10000 BOLAS,"<h2 class=""productName"">Juego al aire libre para niños Bola de gel Pistola eléctrica con 10000 bolas de agua.</h2>"
PISTOLA GEL LASER CON SILENCIADOR +10000 BOLAS,"<h1 id=""title"" class=""a-size-large a-spacing-none""><span id=""productTitle"" class=""a-size-large product-title-word-break"">JOY SPOT! Juguete lanzador de bolas de gel lanzador de bolas de salpicaduras con 10000 bolas de gel juguete de bola de agua de gel para actividades al aire libre juego de disparos</span></h1>"
PISTOLA GEL LASER CON SILENCIADOR +10000 BOLAS,Pistola eléctrica de chorro de Gel para niños pistola automática de Airsoft
LICUADORA INALAMBRICA  350ML,Minilicuadora portátil USB de 300ml exprimidor de prensa inalámbrico máquina multifunción de carga.
MANDO PARA PS 4,Mando Playstation 4 Dualshock Ps4
MANDO PARA PLAY  4,Mando Playstation 4 Dualshock Ps4
MANDOS PS2,"<h1 class=""ui-pdp-title"">Mando Para Ps2_ Play2. Control Para Los Playstation Nuevo</h1>"
Mando con Bluetooth para teléfono inteligente y PC,"<h1 class=""title--text--1C0vzs9"" data-spm-anchor-id=""a2g0o.detail.0.i10.186473b5UJpk4n"">Pc mando para Android para Apple IOS TERIOS T12 controlador de juego inalámbrico Bluetooth Touchpad juegos sistema de freno.</h1>"
GUARDADOR DE VERDURAS,"<h1 class=""title--text--1C0vzs9"" data-spm-anchor-id=""a2g0o.detail.0.i11.26be20c0XVlh4r"">Cesta de organización de almacenamiento de cocina para el hogar accesorio giratorio redondo para almacenamiento de frutas y verduras.</h1>"
MICROFONO TYPE C,Micrófono inalámbrico recargable Tipo C
MICROFONO TYPE C + ADAPTADOR  IPHONE,Micrófono Inalámbrico Solapero Tipo C Adaptador para iPhone
PELOTA LED RGB + CONTROL 13 COLORES DIFERENTES,"<h1 id=""title"" class=""a-size-large a-spacing-none""><span id=""productTitle"" class=""a-size-large product-title-word-break"">Bola de luz LED vibrante: luz nocturna de 6 pulgadas con control remoto y control de presión 16 RGB que cambia de color y atenuación recargable luces flotantes portátiles inalámbricas ideal para niños o decoración</span></h1>"
LICUADORA INALAMBRICA  300ML,Licuadora Portátil Inalámbrico Recargable Tipo Botella
LICUADORA INALAMBRICA  350ML,Licuadora Portátil Inalámbrico Recargable Tipo Botella Fresh Juice
Mesa de Billar 4 en 1,Mesa Multijuegos 4 en 1- Pool- ping pong-hockey Familiar empresarial para la Finca para el sitio de recreacion
Game Stick 4K HD TV,<h1>Game Stick 4K HD TV Videojuego Dongle HDMIi PS1 Emuladores Doble  Controlador de Gamepad inalámbrico Consola de juegos 3D</h1>
,"<p><br data-mce-bogus=""1""></p>"
,"<p><br data-mce-bogus=""1""></p>"
PROYECTOR M6 PRO,"<h1 class=""product-title-text"" data-pl=""product-title"" data-spm-anchor-id=""a2g0o.detail.1000016.i2.1987f26aR2MYQP"">Proyector de vídeo LED para cine en casa dispositivo de proyección de 1080 lúmenes 5G Wifi enfoque eléctrico 4K unicornio Android 90 PRO 6000 P</h1>"
PROYECTOR X11,"<span data-contrast=""auto"">El <strong>XNANO X11</strong> es un proyector LCD gama de entrada que brinda por un precio muy asequible características bastante competitivas dónde destaca su resolución 1080p brillo de 1.200 lúmenes sistema operativo Android 9.0 y decodificación de contenido 8K.</span><span data-ccp-props=""{&quot;201341983&quot;:0&quot;335551550&quot;:6&quot;335551620&quot;:6&quot;335559739&quot;:160&quot;335559740&quot;:259}""> </span>"
PROYECTOR YG431,"<pre id=""tw-target-text"" class=""tw-data-text tw-text-large tw-ta"" dir=""ltr"" data-placeholder=""Traducción""><span class=""Y2IQFc"" lang=""es"">Puede disfrutar fácilmente de la diversión del cine en casa y de la experiencia de juego en pantalla grande con este proyector doméstico.</span></pre>"
PROYECTOR V7,"<h1 class=""product-title-text"" data-pl=""product-title"" data-spm-anchor-id=""a2g0o.detail.1000016.i1.6a973c0ep0LJI5"">proyector V7 contra salpicaduras y bandeja para viruta lámina de acero 1280mm para 800P 600 lúmenes ANSI Android WIFI LED proyector Soporte de vídeo 4K portátil 3D cine en casa</h1>"
MINI PROYECTOR Y2,Y2 1920x1080P 100 ANSI Lumens Proyector inteligente LED
MINI PROYECTOR PORTATIL C6,"<h1 class=""ui-pdp-title"">C6-miniproyector Dlp Dispositivo Con Android 60 Vs H96-</h1>"
Proyector P10 II,"<h1 class=""_2qrJF igTU-"" data-hook=""product-title"">Proyector LED Canzone P10-II 150 Lumens 854x480 4G+32G - Android Wifi Batería</h1>"
Proyector P9,Mini-Proyector DLP Inteligente Portátil P9
Proyector K1,"<header class=""entry-header"">"
Proyector AN10 PLUS,"<h1 class=""product-title-text"" data-pl=""product-title"" data-spm-anchor-id=""a2g0o.detail.1000016.i2.35885684VLaG0L"">MINI proyector LED AN10 480P resolución portátil 3D proyector de vídeo Cine en Casa opcional Android WIFI proyector</h1>"
Proyector Q3,"<h1 class=""product-title-text"" data-pl=""product-title"" data-spm-anchor-id=""a2g0o.detail.1000016.i1.6d037bf6A0SkQ2"">Proyector portátil Q3 de 4000 lúmenes minitelevisor LED para el hogar la Oficina y el hogar enchufe del Reino Unido 1080P</h1>"
PROYECTOR YG230,Proyector Portátil 1400 Lúmenes Full Hd Wifi Multipuertos
PROYECTOR T20,"<h1 class=""product-title-text"" data-pl=""product-title"" data-spm-anchor-id=""a2g0o.detail.1000016.i2.459c46447ycmPa"">Mini proyector de cine portátil T20 1080P USB HD LED reproductor de vídeo multimedia para el hogar 320x240 píxeles admite conferencias fácil de llevar</h1>"
Proyector L1,L1 Mini LED Proyector de altavoz portátil para el hogar
Proyector YG200,miniproyector YG200 proyector LED HD compatible con 1080P
PROTECTOR TABLET EXTRAGRANDE DISTINTAS MARCAS,"APPLE : (IPAD12.9"" 2018 )"
PROTECTOR TABLET UNIVERSAL TAMAÑO CHICO,APPLE : (IPAD MINI 4 / MINI 5 (2019) / PRO 9.7 (2016) / MINI 1/2/3)
TECLADO FLEXIBLE PEQUEÑO SIN NUMERAL,Teclado Flexible Siliconado WB-86 Impermeable contra el Polvo USB Negro
TECLADO PLEGABLE BLUETOOTH,"<h1 class=""ui-pdp-title"">Mini Teclado Inalambrico Bluetooth Plegable Con Touch Pad</h1>"
EXTENDER USB A RJ45   50 MT,Extensor USB RJ45 sobre Cat5/Cat5e /Cat6 Cable de extensión adaptador de conector-hasta 150 pies de longitud
CASE M2 PARA MEMORIA  NVME,"<h1 class=""ui-pdp-title"">Adaptador Ssd M.2 Pcie Nvme A Case Externo Usb 3.1</h1>"
CASE M2 TYPE C A  USB 3.1 PARA  MEMORIA PCI E NVME,"<h1 class=""name___3sZiF"">USB 3.1 Type-C M.2 NVMe SSD Enclosure 10Gbps M-Key PCI-E Mobile Case Box</h1>"
"FUNDA PARA DISCO  2.5"" LISO",<h1>Estuche Para Discos Duros|Hdd External Case 2.5hard Case 2.5</h1>
"ADAPTADOR IDE SATA 2.5"" USB 2.0",Adaptador de Disco Duro IDE SATA 2.5 -3.5 a USB con Fuente
"CASE 2.5"" USB 3.0 TORNILLO","SATA 2.5"" USB 3.0 2.0 Disco Duro Disco Externo Gabinete De Disco Duro Estuche Cubierta Con Tornillo"
EXTENDER HDMI 60 MT,"<h2 class=""product_title entry-title show-product-nav"">Extender activo hdmi via 1 utp cat5/cat5e/cat6 60 mts</h2>"
ADAPTADOR SWITCH HDMI 3 A 1,"<h1 class=""ui-pdp-title"">Switch Multipuerto Hdmi 3 Entradas Y 1 Salida</h1>"
ADAPTADOR TYPE-C 15 IN 1,"<h1 class=""product-title"">Adaptador USB 3.0 a HDMI Doble - 4K 30Hz</h1>"
ADAPTADOR TYPE C A HDMI,Convertidor USB 3.1 Tipo C a HDMI Adaptador Mac Video
ADAPTADOR TYPE C A VGA,Cable adaptador USB 3.1 tipo C conector macho a VGA hembra.
CONVERTIDOR USB 3.0 A VGA +HDMI,"<h1 id=""title"" class=""a-size-large a-spacing-none""><span id=""productTitle"" class=""a-size-large product-title-word-break"">Adaptador USB a HDMI VGA convertidor USB 3.0 a HDMI 1080P HDMI y VGA Sincronización de salida compatible con Windows 10/8/7 solamente (negro)</span></h1>"
Convertidor USB 3.0 A VGA Compatible 2.0 Adaptador Conversor Azul,Convertidor USB 3.0 A VGA Compatible 2.0 Adaptador Conversor Azul
CONVERTIDOR USB3.0 A  HDMI,"<h1 id=""title"" class=""a-size-large a-spacing-none""><span id=""productTitle"" class=""a-size-large product-title-word-break"">Adaptador USB 3.0 a HDMI convertidor de video multipantalla 1080P para computadora portátil PC de escritorio a monitor proyector TV.</span></h1>"
CONVERTIDOR HDMI A  DP,CONVERTIDOR HDMI A DISPLAY PORT (DP)
ADAPTADOR TYPE C 5 IN 1 HDMI 4K+VGA+USB+PD,Hub USB-C 4 en 1 HDMI Tipo C 4K Adaptador HDMI VGA USB3.0 Convertidor de audio y video
SILLA GAMERS SIMPLE SIN RGB INCLINACION 135° +VIBRADOR,"<h2 class=""product-short-description"">No dejes que una silla incómoda afecte tus partidas. La Silla Gamer Pro con diseño ergonómico te permitirá concentrarte tanto en el trabajo como en tus juegos.</h2>"
SILLA GAMERS SIMPLE SIN RGB/ PEDAL  INCLINACION 135° + VIBRADOR,"<h2 class=""product-short-description"">No dejes que una silla incómoda afecte tus partidas. La Silla Gamer Pro con diseño ergonómico te permitirá concentrarte tanto en el trabajo como en tus juegos.</h2>"
"PROTECTOR DE TECLADO 14""","Protector de teclado 14"""
KIT LIMPIEZA PARA CAMARAS HANDBOSS FH-HB020,Kit de limpiador de pantalla LCD  limpiador de pantalla lcd con cepillo de tela pulverizada herramienta de limpieza
TARJETA PCI Express 3.0 2230 2242 2260 2280 Size M2 Adapter M Key and B Key ,"<h1 class=""product-title-text"" data-spm-anchor-id=""a2g0o.detail.1000016.i2.455e2597mLnaqw"">3 Interfaces M.2 para NVMe SSD para NGFF a PCIE X16 adaptador M Key 2x B Key Riser Card tarjeta de expansión compatible con PCI Express 30 4X</h1>"
TARJETA PCI EXPRESS USB SERIAL Y PARALELO,"<h1 id=""title"" class=""a-size-large a-spacing-none""><span id=""productTitle"" class=""a-size-large product-title-word-break"">Tarjeta PCI Express PCI Express Paralelo 1S1P con UART 16950 (PEX1S1P952)</span></h1>"
TARJETA PCI EXPRESS PARALELO,"<h1 id=""title"" class=""a-size-large a-spacing-none""><span id=""productTitle"" class=""a-size-large product-title-word-break"">Puerto Paralelo tarjeta PCI-e a pci-lpt Impresora Paralela tax-card 25-pin tarjeta de interfaz</span></h1>"
TARJETA  PCI-EXPRESS SONIDO 7.1,"<h1 id=""title"" class=""a-size-large a-spacing-none""><span id=""productTitle"" class=""a-size-large product-title-word-break"">Tarjeta de sonido 7.1 PCI Express PCI-E 8 canales 5.1 cmi8768 óptico 6 Channel 3d PCI Tarjeta de audio de sonido envolvente con circuito integrado por insreve para Windows 7 Vista XP</span></h1>"
TAREJETA  PCI-EXPRESS DE RED INALAMBRICO 2 ANTENAS,"<h1 class=""product-title-text"" data-spm-anchor-id=""a2g0o.detail.1000016.i1.94e02f2ei1wdZ3"">Tarjeta WiFi Bluetooth AC 300Mbps tarjeta adaptadora de red inalámbrica WiFi PCIe tarjeta de red 5GHz/24 GHz banda Dual tarjeta de red PCI Express</h1>"
TAREJETA  PCI-EXPRESS DE RED (RJ45),"<h1 id=""title"" class=""a-size-large a-spacing-none""><span id=""productTitle"" class=""a-size-large product-title-word-break"">Tarjeta de red PCIe X1 a un único puerto RJ45 Gigabit Ethernet NIC 1000M PCI-e RJ45 Tarjeta de red I211AT Chipset LAN</span></h1>"
TARJETA PCI USB 2.0 (4 Puertos),"<h1 id=""title"" class=""a-size-large a-spacing-none""><span id=""productTitle"" class=""a-size-large product-title-word-break"">Tarjeta PCI interna USB 2.0 5 puertos (4 externos y 1 internos) PCI expansión a USB 2 adaptador Hub controlador alta velocidad 480Mbps para escritorio</span></h1>"
TARJETA PCI-EXPRES USB 3.0 (2 Puertos),"<h1 id=""title"" class=""a-size-large a-spacing-none""><span id=""productTitle"" class=""a-size-large product-title-word-break"">Tarjeta de expansión PCIe USB de 2 puertos con 10 Gbps/puerto - USB 3.1/3.2 Gen 2 Type-A PCI Express 3.0 x2 Host Controller - Tarjeta adaptador adicional - Perfil completo/bajo - Windows y Linux </span></h1>"
TARJETA PCI-EXPRES USB 3.0 (4 Puertos),"<h1 id=""title"" class=""a-size-large a-spacing-none""><span id=""productTitle"" class=""a-size-large product-title-word-break"">x-media 4 puertos SuperSpeed USB 3.0 tarjeta controladora PCI Express (PCIe) para PC de computadora</span></h1>"
"RACK  METALICO PARA DISCO SOLIDO 2.5"" Y 3.5""","<h1 class=""ui-pdp-title"">Soporte Adaptador Disco Ssd 2.5 A 3.5 Gabinete</h1>"
ADAPTADOR IDE SATA USB3.0 + FUENTE,"<h1 id=""title"" class=""a-size-large a-spacing-none""><span id=""productTitle"" class=""a-size-large product-title-word-break"">wanlongxin wlx-891u3 USB 3.0 a IDE SATA 2.5 3.5 disco duro HD Converter Cable adaptador</span></h1>"
ADAPTADOR BLUETOOTH P.PARLANTE USB DAP-4,"<h1 class=""ui-pdp-title"">Receptor Adaptador Bluetooth Aux Auto Radio Equipos Sonido</h1>"
MICROFONO KARAOKE  + SOPORTE BM700,"<h1 id=""title"" class=""a-size-large a-spacing-none""><span id=""productTitle"" class=""a-size-large product-title-word-break"">Micrófono de grabación de estudio Micrófono condensador profesional PC Transmisión en vivo Kit de micrófono cardioide con soporte de choque filtro pop Plug and Play PC micrófono para transmisión grabación YouTube</span></h1>"
TYPE-HDMIUSB*2+SD+TF+PD*2,"<h1 class=""productName"">Hyper Drive DUO 7 in 2 Hub For USB-C MacBook Pro</h1>"
TYPE C -USB*2+SD+TF+PD*2,"<h1 id=""title"" class=""a-size-large a-spacing-none""><span id=""productTitle"" class=""a-size-large product-title-word-break""><span>USB Hub Tipo C Hub 7 en 1/6 en 1 MacBook Pro/Air 4K Compatible 5 Gbps Puerto de transferencia de datos de alta velocidad Puerto USB 3.0 * 2 Puerto HDMI Compatible 50 g Ligero Ultra delgado Transporte Conveniente Resistente al calor Mejorado Multifuncional Moda Práctico Estudiante Óptimo de negocio</span></span></h1>"
PUNTA REPUESTO HP AZUL 4.5*3.0,"<h1 class=""ae-element-woo-title"">PUNTA DE RESPUESTO PARA CARGADOR HP AGUJA AZUL 4.5X3.0</h1>"
PUNTA REPUESTO HP AMARILLA  4.8*1.7mm,"<h1 class=""ui-pdp-title"">Cable Repuesto Para Cargador Hp Punta Amarilla</h1>"
PUNTA REPUESTO HP  P.AGUJA 7.4*5.0MM,Repuesto de Cargador HP Punta Aguja
PUNTA REPUESTO LENOVO  7.9*6.6MM P/ PLOMA,"<h1 class=""ui-pdp-title"">Cargador Lenovo 20v 3.25a 65w</h1>"
PUNTA REPUESTO LENOVO USB PIN,"<table width=""434"">"
PUNTA REPUESTO LENOVO  P.BALA  4.0*1.7MM,"<h1 class=""ui-pdp-title"">Punta De Repuesto Lenovo</h1>"
PUNTA REPUESTO SAMSUNG 5.5*3.0 MM,"<h1 class=""ui-pdp-title"">Cable De Repuesto Para Cargador Samsung</h1>"
PUNTA REPUESTO ASUS  4.0*1.35MM,"<h1 class=""ui-pdp-title"">Cable De Repuesto Para Cargador Asus 4.0 * 1.35 Mm</h1>"
PUNTA LG/SONY 6.4*4.4MM,"<h1 class=""ui-pdp-title"">Cargador Monitor LG 19v 0.84a 16w 6.4*4.4</h1>"
PUNTA REPUESTO TOSHIBA/LENOVO/ACER/AZUS 2.5*5.5MM,"<h1 class=""ui-pdp-title"">Punta De Repuesto Cargador</h1>"
CABLE PARA DISCO USB 3.0 1.5 MT,Cable USB 3.0 a Disco Duro Externo B 1.5 metros USB 3.0 a Micro B Azul - Cable USB 3.0 a Disco Duro Externo B  USB 3.0 a Micro B Azul
CABLE PARA DISCO DURO USB 3.0 0.3MT M-M,"<h1 class=""ui-pdp-title"">Cable Usb 3.0 Tipo A Macho A Tipo A Macho</h1>"
CABLE IMPRESORA USB 3.0 1.65MT PVC,Cable Extension USB 3.0 Macho a Hembra Azul
CABLE EXTENSION USB 3.0 1.5 MT - 5 MT,Cable Extension USB 3.0 Macho a Hembra Azul
CABLE USB A USB 0.5MT - 5 MT,"<h1 class=""ui-pdp-title"">Cable Usb 2.0 Macho/macho Datos Carga</h1>"
CABLE EXTENSION USB  1.5 MT - 10 MT M-H PVC,"<h1 class=""ui-pdp-title"">Cable Extensión Usb 2.0 Macho-hembra Alta Calidad</h1>"
CABLE IMPRESORA USB-AM-BM 1.5 MT - 10 MT PVC,USB2.0 A macho A B macho blindado de 18 M Cable de impresora USB negro para hermano HP Canon lexmark Epso
CABLE PASCORD CAT6 10 MT PVC,"<h1 class=""ui-pdp-title"">Cable Internet Cat 6 Utp ethernet</h1>"
CABLE PASCORD CAT5 1.5 MT PVC,"<h1 id=""title"" class=""a-size-large a-spacing-none""><span id=""productTitle"" class=""a-size-large product-title-word-break"">cablevantage  CAT5 Patch Cord Cable 500 MHz Internet Red LAN RJ45 UTP Ethernet</span></h1>"
CABLE  HDMI HDMI V2.1 1M-5M  8K,"<h1 class=""ui-pdp-title"">Cable Hdmi 1.5m 8k 2.1v Ultra Hd 4320p Alta Velocidad 60hz</h1>"
CABLE  HDMI HDMI V2.0 1.5 MT  4K*2K  ENMALLADO,Cable HDMI 2 Metros Ultra HD 3D 4K V2.0 2160P a Enmallado Gris
CABLE PLANO HDMI-HDMI 10 MT - 20 MT,"<h1 class=""js-product-name h2 h1-md "" data-store=""product-name-38613238"">Cable Hdmi A Hdmi 4K 3D Mallado V2.0</h1>"
CABLE OPTICO OD6  1.5 MT ENMALLADO METALIZADO,"<h1 class=""ui-pdp-title"">Cable Optico Fibra Optica Digital Audio 1.5 Metros</h1>"
CABLE OPTICO OD4.0 1.5 MT,"<h1 title=""1m 1.5m 2m OD4.0 Cable de audio óptico digital digital OD4.0 chapado en oro Macho a macho Cable de audio de fibra óptica"">1.5 MT. OD4.0 Cable de audio óptico digital digital OD4.0 chapado en oro Macho a macho Cable de audio de fibra óptica</h1>"
CABLE  HDMI A  MICRO HDMI 1.5MT. PVC,"<h1 class=""product__name"">Cable Micro Hdmi A Hdmi 1.5 Metros Full Hd 1080p PVC</h1>"
CABLE  HDMI A  MINI HDMI 1.5MT. PVC,"<h1 class=""product__name"">Cable Mini Hdmi A Hdmi 1.5 Metros Full Hd 1080p PVC</h1>"
CABLE USB2.0 A MIDDI 1.5 MT P.PIANO,"<h1 class=""ui-pdp-title"">Cable De Interfaz Usb A Midi</h1>"
CABLE HDMI MACHO A 2 HDMI HEMBRAS (CABLE Y ),"<h1 class=""ui-pdp-title"">Mini Splitter Hdmi De 1 A 2 Salidas</h1>"
CABLE DP TO DVI 24+1 1.5 MT PVC,"<h1 class=""ui-pdp-title"">Cable Displayport A Dvi-d Macho Startech De 1.5mts C/ Pestillo</h1>"
CABLE USB 2.0 A SERIAL MACHO  SILICONADO,"<h1 class=""product-title-text"" data-spm-anchor-id=""a2g0o.detail.1000016.i2.239651d5zDvm8B"">Cable Usb Rs232 hembra a DB9 conector USB hembra a puerto serial orificios de 9 orificios cable USB a COM 3 pies/1m</h1>"
INVERSOR DE VOLTAJE DC/AC P. CARRO 150W,Inversor de corriente para coche de 150W 12V CC a 110V 220V convertidor de CA con puerto USB
SEGURO DE LAPTOP CON CLAVE,"<h1 class=""ui-pdp-title"">Seguro Acero Candado Universal Seguridad Laptop Clave</h1>"
TARJETA M.2 SSD a U.2  2 en 1  M.2 NVMe y SATA-Bus NGFF SSD a PCI-e U.2,"<h1 class=""product-title-text"" data-spm-anchor-id=""a2g0o.detail.1000016.i2.6cb97decwShmFY"">Adaptador M.2 SSD a U.2 2 en 1 M.2 NVMe y SATA-Bus NGFF SSD a PCI-e U.2 adaptador de SFF-8639 convertidor PCIe M2 para ordenadores de escritori</h1>"
"TARJETA 2 IN 1 M.2 NGFF Msata SSD A SATA 2.5""  + CASE","<h1 id=""title"" class=""a-size-large a-spacing-none""><span id=""productTitle"" class=""a-size-large product-title-word-break"">CableCC 2 en 1 Combo M.2 NGFF B-key y mSATA SSD a SATA 3.0 Adaptador Convertidor Caja</span></h1>"
"TARJETA 2 IN 1 M.2 NGFF Msata SSD A SATA 2.5""","Venta caliente ngff (M2) SSD a 2.5 ""SATA adaptador M.2 ngff SSD a SATA3 convertir tarjeta"
ADAPTADOR CADDY SLIM 9.5MM PARA SSD M2,"<h1 class=""product-title-text"" data-spm-anchor-id=""a2g0o.detail.1000016.i2.70c821047smTC9"">DeepFox-carcasa de disco duro de aluminio NGFF M.2 M2 2nd HDD Caddy 95mm SATA 3 Optibay funda adaptadora para 25 SSD HDD</h1>"
"ADAPTADOR CADDY SLIM 9.5MM PARA SATA2.5""",Aluminio 9.5mm 2nd Disco Duro Caddy soporte adaptador segundo 25 pulgadas hdd caddy portátil
"ADAPTADOR CADDY SLIM 12.7MM PARA SATA 2.5""",Aluminio 127mm 2nd Disco Duro Caddy soporte adaptador segundo 25 pulgadas hdd caddy portátil
"CASE 3.5"" USB3.0  ALUMINIO + FUENTE","Case Disco Duro Externo Sata 3.5"" USB 3.0 PC HDD Negro"
"CASE 3.5"" USB2.0  ALUMINIO + FUENTE","<h1 class=""ui-pdp-title"">Case Disco Duro De Aluminio Sata 3.5 Pc A Usb 2.0 Enclosure</h1>"
CASE M2 SATA ALUMINIO SOPORTA MSATA/M.2NGFF,"<h1 id=""title"" class=""a-size-large a-spacing-none""><span id=""productTitle"" class=""a-size-large product-title-word-break"">M.2 SATA SSD a USB 3.0 externo SSD lector convertidor caja con UASP compatible con NGFF M.2 2280 2260 2242 2230 SSD con llave B/Key B+M</span></h1>"
"CASE 2.5"" USB3.0 PRESION ALUMINIO","<h1 class=""ui-pdp-title"">Case Externo Disco Duro Sata 2.5 Pulgadas Usb 3.0 Pc Laptop</h1>"
"CASE 2.5"" USB3.0 ALUMINIO TORNILLO",<h1>Aluminio de 2.5 pulgadas SATA III a USB 3.0 5GBPS Caja de disco duro de HDD externo Caja de disco duro SSD Caja de soporte Hot Plug para Windows Mac</h1>
"CASE 2.5"" USB2.0  TRANSPARENTE PRESION","Externo portátil 25 ""transparente 5Gbps USB2.0 a Sata HDD caso herramienta gratuita Disco Duro carcasa"
"CASE 2.5"" USB2.0 ALUMINIO TORNILLO","<h1 class=""ui-pdp-title"">Case Disco Duro Externo Sata 2.5 2.0 Laptop Pc Portatil Usb</h1>"
ADAPTADOR USB2.0 A MISATA P/LECTOR DVD,Adaptador Mini Sata A Usb 2.0 Para Lectoras De Laptops cd dvd
"ADAPTADOR USB3.0 A SATA 2.5"" 2 USB","<h2 class=""product-short-description"">Este Cable Adaptador sirve para extraer la data de discos SSD Disco HDD de 2.5\'o tambien discos de 3.5\'(requiere de una fuente de alimantacion adicional no incluido).</h2>"
"ADAPTADOR USB3.0 A SATA 2.5"" 1 USB","<h1 id=""title"" class=""a-size-large a-spacing-none""><span id=""productTitle"" class=""a-size-large product-title-word-break"">Inateck UA1002 - Adaptador de SATA a USB 3.0 para SATA HDD/SSD de 25""</span></h1>"
ADAPTADOR AUDIO  1 PLUG MACHO - 2 PLUG HEMBRA,Buena calidad del divisor del auricular de U-Macho artículo Popular de micrófono de 35mm del divisor del adaptador de Audio
ADAPTADOR AUDIO  2 PLUG MACHO  - 1 PLUG HEMBRA,Divisor de auriculares para ordenador 35mm hembra a 2 Dual 35mm macho micrófono Audio Y Cable divisor auriculares para teléfono inteligente a PC
ADAPTADOR AUDIO  1 PLUG MACHO - 2 PLUG HEMBRA  MICRO+AUDIO,"<h1 class=""product-title-text"" data-spm-anchor-id=""a2g0o.detail.1000016.i1.43774ed9Ah8Af5"">Hot Cable Adaptador Para Microfono 3.5 mm Headphone Jack Adapter Audio Splitter 3.5mm For Lapel Microphone</h1>"
ADAPTADOR OTG V8+USB+SD,"<table width=""446"">"
ADAPTADOR TYPE C HEMBRA A USB MACHO,Adaptador de carga USB A macho A tipo C hembra adaptador USB C A USB
ADAPTADOR V8 A TYPE C PVC,Adaptador Micro USB hembra a tipo C macho USB-C a tipo c OTG Convertidor para teléfono inteligente
ADAPTADOR V8 A TYPE C  ALUMINIO MD. LLAVERO,Adaptador de teléfono Lightning iOS de 8 pines hembra a Micro Usb macho con carcasa de aleación de aluminio OEM
ADAPTADOR OTG TYPE C   A USB  MD.NANO ALUMINIO,"<h1 class=""ui-pdp-title"">Adaptador Otg Type-c A Usb 3.0 Colores</h1>"
ADAPTADOR OTG TYPE C   A USB  MD.NANO ALUMINIO,ADAPTADOR OTG USB TIPO C 3.1 MACHO A USB 3.0 HEMBRA
ADAPTADOR OTG TYPE C  A USB  MD.CABLE,Cable adaptador tipo c otg micro a usb
ADAPTADOR OTG V8  A USB  MD.NANO ALUMINIO,"<h1 class=""ui-pdp-title"">Adaptador Otg V8 A Usb</h1>"
ADAPTADOR OTG V8  A USB  MD.NANO PLASTICO,&nbsp;
ADAPTADOR OTG V8  A USB  MD.CABLE,Factory Price Fast Data Transfer Micro USB OTG Cable For Android
ADAPTADOR USB A PS2 TECLADO+ MOUSES 30 CM,"<h1 class=""product-title-text"">30 cm USB a PS2 conversión ronda ratón y teclado interfaz convertidor adaptador</h1>"
ADAPTADOR USB A PS2 TECLADO+ MOUSES,Adaptador USB 20 macho a doble PS2 hembra Dongle Puerto USB al teclado ratón interfaz convertidor divisor
UNION 180° VGA A VGA ALUMINIO,"<h1 class=""ui-pdp-title"">Union Adaptador Vga - 15 Pines</h1>"
UNION 360°  HDMI MACHO-HDMI HEMBRA,<strong>Unión Hdmi 360 Grados Hembra Macho</strong>
UNION 90° HDMI -HDMI,"<h1 class=""vtex-store-components-3-x-productNameContainer mv0 t-heading-4""><span class=""vtex-store-components-3-x-productBrand "">Adaptador HDMI Hembra a HDMI Hembra Codo 90° Grados</span></h1>"
ADAPTADOR MICRO HDMI MACHO - HDMI HEMBRA,Adaptador de vídeo de línea de alta definición Micro HDMI a HDMI
ADAPTADOR MINI HDMI MACHO - HDMI HEMBRA,Conector adaptador hembra para HDTV Mini HDMI (tipo C) macho A HDMI (tipo A) de 1080P
UNION 90° CODO HDMI MACHO-HDMI HEMBRA,"<h1 class=""ui-pdp-title"">Adaptador Hdmi 90 Grados Acodado Macho A Hembra 4k</h1>"
UNION 180° HDMI -HDMI,Acoplador HDMI chapado en oro hembra a hembra conector HDMI 4K 3D 1080p adaptador de extensión HDMI
ADAPTADOR DVI 24+5 MACHO A VGA  HEMBRA   BLANCO,"<h1 class=""product_title wd-entities-title"">ADAPTADOR DVI 24+5 MACHO A VGA HEMBRA ANALOGICO</h1>"
ADAPTADOR DVI 24+1 MACHO A VGA  HEMBRA   BLANCO,"<h1 class=""ui-pdp-title"">Adaptador Convertidor Dvi A Vga 24+1 Dvi Macho A Vga Hembra</h1>"
ADAPTADOR DVI 24+5 MACHO A HDMI HEMBRA   NEGRO,"<h1 class=""ui-pdp-title"">Adaptador Dvi A Hdmi 24+5 Digital Tarjeta Video Pc Laptop</h1>"
ADAPTADOR DVI 24+1 MACHO A HDMI HEMBRA   NEGRO,"<h1 class=""ui-pdp-title"">Adaptador Convertidor Dvi Macho 24 + 1 A Hdmi Hembra</h1>"
ADAPTADOR DVI 24+5 HEMBRA  A HDMI MACHO NEGRO,"<h1 class=""ui-pdp-title"">Adaptador Convertidor Hdmi Macho A Dvi Hembra 24 + 5</h1>"
ENCHUFE NARANJA DE TIERRA PLANO,"<h1 class=""product_title wd-entities-title"">ADAPTADOR CON TIERRA ESPIGA PLANA</h1>"
ENCHUFE ELIMINADOR DE TIERRA PLANO,"<h1 class=""ui-pdp-title"">Adaptador Enchufe Con Toma Tierra P-514n-wh</h1>"
ADAPTADOR BALUM AEREO,<h1>Acoplador de Impedancia 75 Ohms a 300 Ohms Exterior</h1>
ADAPTADOR BALUM DE CAMARA 1080,"<pre id=""tw-target-text"" class=""tw-data-text tw-text-large tw-ta"" data-placeholder=""Traducción""><span class=""Y2IQFc"" lang=""es"">Alta definición 720P/1080P AHD HDCVI HDTVI BNC a UTP Cat5/5e/6 Video Balun Transceptores pasivos Adaptador Transmisor 300m</span></pre>"
ADAPTADOR DC/AG PARA FUENTE CAMARA,"<h1 class=""ui-pdp-title"">Conector Dc Eléctrico Para Cámaras En Hd</h1>"
UNION CRUZ  RG6  SET*100PCS,"<h1 class=""ui-pdp-title""> Empalme Cruz 4 Conector F Rg6 Coaxial Terminal Tv Digital</h1>"
UNION T  RG6  SET*100PCS,"<h1 class=""ui-pdp-title"">Splitters Unión Divisor En Forma De T Hembra Coaxial Rg6</h1>"
UNION  RG6  SET*100PCS,"<pre id=""tw-target-text"" class=""tw-data-text tw-text-large tw-ta"" data-placeholder=""Traducción""><span class=""Y2IQFc"" lang=""es"">Tipo F Adaptador Hembra F 81 Conector RG6 Cable coaxial para video de TV</span></pre>"
CONECTOR RG6 F PARA CABLE COAXIAL SET*100PCS,"<div class=""woocommerce-product-gallery woocommerce-product-gallery--with-images woocommerce-product-gallery--columns-4 images"" data-cols=""1"">"
TESTEADOR DE FUENTE DIGITAL DE PVC,&nbsp;
TESTEADOR DE FUENTE DIGITAL DE ALUMINIO,Tester Probador Fuente De Alimentación Digital Lcd
TESTEADOR DE FUENTE ANALOGICO PVC,"<h1 id=""title_producto_ajax"" class=""notranslate"">ATX Power Supply PSU Tester with 20/24 Pin SATA &amp; Molex HDD Connectors for PC</h1>"
UNION DE RED 2*1  RJ45 SET*100PCS,"<h1 class=""ui-pdp-title"">Empalme Cable Red Rj45 Utp Internet Unión 1x2 Extensión</h1>"
UNION DE RED 1*1  RJ45 SET*100PCS,"<h1 class=""ui-pdp-title"">1 Empalme Cable Red Rj45 Utp Internet Union Hembra Extension</h1>"
CONECTOR AMP CAT5 BOX*100 PCS,"<h1 class=""ui-pdp-title"">Conectores Rj45 Cat6 Marca Amp X 100 Und</h1>"
CONECTOR RJ11 P/TELEFONO SET*1000PCS,Plug Telefónico Conector Rj11 Pz 4 Pines Rj 11
CONECTOR RJ45 CATEGORIA  CAT5  SET*1000PCS,"<h1 class=""ui-pdp-title"">Conectores Rj45 Para Cable Utp Cat 5e - Set X 1000 Unidades</h1>"
TESTEADOR DE RED+BCN,"<h1 class=""product-title-text"" data-spm-anchor-id=""a2g0o.detail.1000016.i1.752521c9cHVDTh"">Probador de Cable de red Cable de teléfono RJ 11 RJ 45 Cable de red Cat 5e Cable Coaxial RG59/RG6 CCTV Ethernet</h1>"
TESTEADOR DE RED RJ45/RJ11,Probador de cables de red 2PCS para Cat5 RJ45 RJ11 RJ12 Ethernet Lan PC Herramienta de prueba de cables
PONCHADOR DE RJ45,"<h1 class=""ui-pdp-title"">Ponchador De Impacto Para Jack Rj45 Ht-314b-w Westor/mihaba</h1>"
CRIMPY RJ45/RJ11,"<h1 class=""ui-pdp-title"">Crimpeador Metalica Para Red Rj45 Rj11+pela Cable + Cuchila</h1>"
TARJETA DE SONIDO USB AUDIO 6 CANALES 5.1 OPTICO SPDIF RCA,"<h1 class=""product-title-text"" data-spm-anchor-id=""a2g0o.detail.1000016.i2.12761144M63mpK"">Tarjeta de sonido USB 20 6 CANALES 51 tarjeta de Audio externa óptica controlador SPDIF conjunto de chips CM6206 para ordenador portátil y tableta de escritorio</h1>"
ADAPTADOR HDD DOCKING STATION DOBLE  2.5 3.5 IDE SATA USB 3.0 2.0 PC,"<h1 id=""title"" class=""a-size-large a-spacing-none""><span id=""productTitle"" class=""a-size-large product-title-word-break"">2.5""/3.5"" Disco Duro Base Dual SATA IDE HDD Docking Station USB 2.0 Hub</span></h1>"
ADAPTADOR HDD DOCKING STATION TRIPLE 2.5 3.5 IDE SATA USB 3.0 PC,"<h1 class=""ui-pdp-title"">Hdd Docking Station Triple 2.5 3.5 Ide Sata Usb 3.0 2.0 Pc</h1>"
TYPE C LAN + 3 USB 2.0 P.BLISTER,"<h1 id=""title"" class=""a-size-large a-spacing-none""><span id=""productTitle"" class=""a-size-large product-title-word-break"">Rts USB-C/Type C to 3 Ports USB A 2.0 with 10/100/ Mbps Gigabit Ethernet/LAN/Network (RJ45) Adapte</span></h1>"
HUB USB 2.0 + 7 PUERTOS MD.INTERRUPTOR,Adaptador de conversión USB para ordenador portátil expansor de interruptores de potencia con 7 puertos USB 480 20 mbps concentrador Us
HUB USB 2.0 + 4 PUERTOS MD.INTERRUPTOR,Hub con 4 puertos USB puerto listo con interruptor
HUB USB 2.0 + 4 PUERTOS BLISTER NARANJA,Hub Usb 20 4 puertos para ordenador portátil PC teléfono Hub USB 20 4 puertos
HUB USB 3.0 + 7 PUERTOS MD.INTERRUPTOR,Adaptador de corriente alterna de alta velocidad 7 puertos usb hub 30 con alimentación externa
HUB USB 3.0 + 4 PUERTOS MD.INTERRUPTOR,PC usb 30 DE CARGA centro independiente interruptor de poder 5Gbps de extensión del divisor de 4 puertos USB 30 hub
HUB TYPE C  + 3 PUERTOS USB 3.0 + MSD,"<h1 class=""ui-pdp-title"">Concentrador Hub 3 Puertos Usb 3.0/3.1 Tipo C + Card Reader</h1>"
HUB USB 3.0 + 4 PUERTOS MD.REDONDO,"<h1 class=""ui-pdp-title"">Hub 4 Puertos Usb 3.0 5gbps Cable 30cm Redondo Delgado</h1>"
HUB TYPE C  + 4 PUERTOS USB 3.0  MD.LISO,Adaptador tipo C a USB 30 4 puertos HUB USB C
HUB USB 3.0 + 7 PUERTOS MD.LISO,<h1>HUB USB 3.0 7 PUERTOS USB DATA HUB SPLITTER PARA PS4 PS5 XBOX ONE MACBOOK MAC PRO/MINI IMAC XPS SURFACE PRO IPHONE IPAD</h1>
HUB USB 3.0 + 4 PUERTOS MD.LISO,Hub 4 Puertos USB 3.0 5gbps 30 cm Indicador Led Super Speed
HUB USB 3.0 + 4 PUERTOS MD.BOTON,4 puertos USB 30 Hub de alta velocidad de 5Gbps en * interruptores AC adaptador de corriente para PC Af
ADAPTADOR CHROMECAST,"<h1 class=""ui-pdp-title"">Miraadapter Hdmi Inalámbrico Wifi Tipo Chromecast</h1>"
ADAPTADOR HDMI DONGLE  EZCAST,Pantalla Airplay 1080P EZCast 24G + 5G inalámbrica hdmi TV dongle
ADAPTADOR ANYCAST M2 PLUS (ANYCAST),Factory price anycast m2 plus wifi dongle
ADAPTADOR HDMI DONGLE (ANYCAST),"<h1 class=""ui-pdp-title"">Hdmi Dongle Wifi Anycast Adaptador Receptor Inalambrico Tv</h1>"
SINTONIZADOR DIGITAL DE TV + YOUTUBE,"<h1 class=""ui-pdp-title"">Sintonizador Digital Para Tv Isdbt Youtube</h1>"
SINTONIZADOR TV MD. USB + CONTROL P/LAPTOP.PC,"<h1 class=""ui-pdp-title"">Stick Usb Sintonizador Tv Digital Abierta Tda Pc Notebook</h1>"
TECLADO SMART RGB 3 COLORES,"<h1 class=""ui-pdp-title"">Mini Teclado Inalámbrico Para Smart Tv- Tv Box- Pc- Laptop</h1>"
TECLADO SMART BLUETOOTH,"<h1 class=""PurchaseContainer__Name-sc-15kmsqg-3 ehaKtq"">Gran venta ! Q5-A 2.4G Ratón de aire de detección de movimiento con control remoto con función de control de voz Teclado de juego somatosensorial</h1>"
TECLADO SMART MD. CONTROL,<h1>Control Remoto Con Teclado (Air Mouse) Para Smart TV Phil</h1>
PRESETADOR DE DIAPOSITIVAS,"<h1 class=""ui-pdp-title"">Presentador De Diapositivas Usb Inalámbrico Puntero Láser</h1>"
LECTOR DE DNI ELECTRONICO,"<div class=""ProductCard__information__productdata"">"
ADAPTADOR BLUETOOTH PARA CARRO+CIGARRERA,"<h1 class=""ui-pdp-title"">Transmisor Bluetooth 590 Receptor Handsfree Auto Carro Fm Sd</h1>"
ADAPTADOR BLUETOOTH +TRANSMISOR + RECEPTOR   DAP-12,B6 Bluetooth 5.0 Transmisor Receptor Adaptador de audio inalámbrico
ADAPTADOR BLUETOOTCH TRANSMISOR TV,"<h1 id=""title"" class=""a-size-large a-spacing-none""><span id=""productTitle"" class=""a-size-large product-title-word-break"">Transmisor Bluetooth para TV audio estéreo portátil de 0.138 in transmisor de audio inalámbrico Bluetooth para TV PC MP3/MP4. Fuente de alimentación USB (TX9</span></h1>"
ADAPTADOR BLUETOOTH P.PARLANTE PLUG,"<h1 class=""ui-pdp-title"">Adaptador Bluetooht Trautech Audio Dongle Para Equipo</h1>"
ADAPTADOR BLUETOOTH P.AUDIFONO B09,Conector de 35mm de alta calidad para auriculares Mini adaptador receptor de dientes azul altavoz reproductor Mp3 Audio auxiliar estéreo para coche 10 Uds.
ADAPTADOR BLUETOOTH X6 + REGULADOR VOLUMEN BT-450,X6 Bluetooth 5.0 Receiver 3.5mm AUX Car Stereo Audio Music with Microphone HandFree Wireless Adapter Support TF Card
ADAPTADOR BLUETOOTH CAR PEQUEÑO DAP-2,"<h1 class=""ui-pdp-title"">Car Bluetooth Adaptador De Audio Para Auto Y Más Equipos</h1>"
ADAPTADOR BLUETOOTH CAR DAP-1,"<h1 id=""title"" class=""a-size-large a-spacing-none""><span id=""productTitle"" class=""a-size-large product-title-word-break"">Receptor Bluetooth adaptador Bluetooth para coche y adaptador auxiliar Bluetooth para sistema de sonido de transmisión de música adaptador de audio manos libres y kits de coche inalámbricos para sistema estéreo de audio para el hogar/coche</span></h1>"
ADAPTADOR BLUETOOTH P.PARLANTE USB DAP-4,Simr-adaptador receptor inalámbrico de Audio estéreo USB para coche altavoz para el hogar receptor de diente azul
ADAPTADOR BLUETOOTH PARA PARLANTE DAP-3,"<h1 class=""ui-pdp-title"">Receptor Adaptador Bluetooth Para Radio Equipos Sonido</h1>"
ADAPTADOR BLUETOOTH 5.0 PC DAP-8,Adaptador Bluetooth v 5.0 Dongle PC Laptop Inalámbrico USB
ADAPTADOR BLUETOOTH 5.0 PC DAP-7,ini adaptador USB V 50 de modo Dual Dongle inalámbrico
ADAPTADOR BLUETOOTH 5.0 PC,"<h1 class=""ui-pdp-title"">Mini Usb Bluetooth 5.0 Pc Laptop Tablet Windows 10mb</h1>"
ADAPTADOR BLUETOOTH 4.0 PC,"<h1 id=""title"" class=""a-size-large a-spacing-none""><span id=""productTitle"" class=""a-size-large product-title-word-break"">Adaptador Bluetooth para PC 4.0 USB Bluetooth PC Bluetooth Transmisor y Receptor para PC con Windows XP/7/8/10/Vista Compatible con Auriculares Altavoces Teclados Ratónes Negro</span></h1>"
ADAPTADOR BLUETOOTH 4.0 PC DAP-6,"<h1 class=""ui-pdp-title"">Adaptador Emisor Receptor Bluetooth 4.0 Usb Dongle Csr</h1>"
ADAPTADOR BLUETOOTH 2.0 PC,"<h1 class=""ui-pdp-title"">Adapatador Usb Bluetooth 2.0 Pc - Laptop</h1>"
ADAPTADOR SONIDO TYPE C 7.1,"<h1 id=""title"" class=""a-size-large a-spacing-none""><span id=""productTitle"" class=""a-size-large product-title-word-break"">Tarjeta de Sonido Externa USB C Adaptador de Tarjeta de Audio 7.1 Canales Tarjeta de Sonido estéreo Externa Tipo C con Jack de 35 mm</span></h1>"
ADAPTADOR USB SONIDO 7.1 30CM,"<h1 class=""product_title wd-entities-title"">Adaptador de sonido USB de 7.1 canales</h1>"
ADAPTADOR USB SONIDO 7.1,Venta controlador de Audio canal 71 micrófono y altavoz de 35mm a 71 tarjeta de sonido USB externa
ADAPTADOR USB SONIDO 5.1,"<h1 class=""ui-pdp-title"">Tarjeta Sonido 3d 5.1 Canales Usb Audio Hd Microfono Externo</h1>"
LECTOR DE CODIGO DE BARRA BLUETOOTH,"<h1 class=""ui-pdp-title"">Lector De Código De Barras 1d Inalámbrico Nt-1698w Netun</h1>"
LECTOR DE CODIGO DE BARRA ALAMBRICO,"<h1 class=""ui-pdp-title"">Scanner Lector De Codigo De Barras Alambrico Y Base Escaner</h1>"
MICROFONO CONDENSADO+BRAZO,Bm800 Professional Suspension Microphone Kit Studio Live Stream Broadcasting Recording Condenser Microphone Set
MICROFONO CUELLO GANZO + SOPORTE+USB2.0,Micrófono con cable USB para oficina hogar conferencia ordenador de escritorio portátil Gaming soporte para teléfono
MICROFONO CUELLO GANZO + SOPORTE+PLUG,Micrófono Plug 3.5mm PC Profesional de Escritorio Laptop
MICROFONO CONDENSADO + SOPORTE  M-5,"<h1 id=""title"" class=""a-size-large a-spacing-none""><span id=""productTitle"" class=""a-size-large product-title-word-break"">Micrófono condensador de grabación profesional con trípode para transmisión chat entrevista videoconferencia grabación de YouTube tu PC portátil y teléfonos</span></h1>"
MICROFONO CONDENSADO + SOPORTE,"<pre id=""tw-target-text"" class=""tw-data-text tw-text-large tw-ta"" data-placeholder=""Traducción""><span class=""Y2IQFc"" lang=""es"">Sf 666 Studio Microfone Condensador Microfono Para Pc Condenser Microphone with Adapte</span></pre>"
MICROFONO USB 2.0 CON PERESTAL,"<pre id=""tw-target-text"" class=""tw-data-text tw-text-large tw-ta"" data-placeholder=""Traducción""><span class=""Y2IQFc"" lang=""es"">SONCM computadora Pc Mic Microfono Condensador Mini micrófono Usb micrófono para Pc</span></pre>"
MICROFONO PARA PC  CON ENTRADA PLUG K19,"<h1 id=""title"" class=""a-size-large a-spacing-none""><span id=""productTitle"" class=""a-size-large product-title-word-break"">Docooler Kubite micrófono con cable Karaoke Mic clásico micrófono antiguo estilo gato para ordenador portátil Karaoke Webcast</span></h1>"
MICROFONO PARA PC  USB2.0 MIC-13,Micrófonos USB Omnidireccional Condensador Micrófono Micrófono para reuniones Conferencia de negocios Computadora Portátil Voice Direct Pickup
MICROFONO PARA PC  USB2.0 MIC-10,"<h1 id=""title"" class=""a-size-large a-spacing-none""><span id=""productTitle"" class=""a-size-large product-title-word-break"">Micrófono USB mejorado para computadora micrófono para juegos podcast transmisión en vivo grabación de YouTube karaoke en PC Plug &amp; Play con trípode de metal ajustable para Windows MacOS ideal para regalo</span></h1>"
MICROFONO PARA PC  USB2.0 MIC-9,"<h1 title=""Micrófonos USB Micrófono Plug and Play Home Omnidirectyal Adecuado para escritorio / computadora portátil / computadora / portátil"">Micrófonos USB Micrófono Plug and Play Home Omnidirectyal Adecuado para escritorio / computadora portátil / computadora / portátil</h1>"
MICROFONO SOLAPERO TYPE C,"<pre id=""tw-target-text"" class=""tw-data-text tw-text-large tw-ta"" data-placeholder=""Traducción""><span class=""Y2IQFc"" lang=""es"">Nuevo mini micrófono de solapa manos libres con cable micrófono tipo c para teléfono inteligente</span></pre>"
MICROFONO SOLAPERO PLUG 3.5,Mini micrófono de solapa lavalier omnidireccional 15 M con cancelación de ruido 35mm
MICROFONO SOLAPERO IPHONE,"<h1 class=""product_title entry-title"">Micrófono Solapa Lavalier Lightning Para iPhone iPad</h1>"
MICROFONO BOYA  BY-M1DM 2 MICROFONO,BOYA BY-M1DM Dual Lavalier Universal Microphone for smartphones DSLR cameras audio recorders PC and other recording devices
MICROFONO BOYA SOLAPERO,BOYA by-M1-micrófono condensador de 35mm micrófono con parabrisas para cámara de teléfonos inteligentes DSRL
HDMI A USB TYPE-C  EXCAP265C,"<h1 class=""product-title-text"" data-spm-anchor-id=""a2g0o.detail.1000016.i2.56bd4b2bd7LbzM"">Ezcap-Grabadora de vídeo Full HD 1080P 265C HDMI a tipo C dispositivo de tarjeta de captura de vídeo para Windows Mac Linux compatible con transmisión en vivo</h1>"
CAPTURADOR HDMI EZCAP287,Capturadora de Video USB 3.0 HDMI Capture Streaming Ezcap 28
CAPTURADOR  HDMI - USB 3.0 +AUDIO+MICRO,"<h1 class=""ui-pdp-title"">Capturadora De Video Usb 3.0 Hdmi Capture Con Audio Y Mic 4k</h1>"
CAPTURADOR  HDMI - USB 3.0,Capturadora de Video USB 3.0 HDMI Capture con Loop Out 4K 2K
CAPTURADOR  HDMI - USB 2.0,HDMI a USB HD captura de videojuegos 1080P Tarjeta de transmisión
CAPTURADOR DE VIDEO EASYCAP,Usb vhs tapes to pc dvd converter audio video 3 rca hd dvr capture card
ADAPTADOR V8 LAN 2.0 B/VERDE,MINI USB 20 5 Pin a Ethernet 10/100 M RJ45 tarjeta adaptadora de red Lan para tableta
ADAPTADOR USB LAN 2.0 DIRECTO,"<div class=""photo-tour"">"
ADAPTADOR USB LAN 2.0  B/AZUL,"<h1 class=""ui-pdp-title"">Adaptador Usb 2.0 Usb Lan Ethernet Windows Internet Pc</h1>"
ADAPTADOR USB LAN 2.0  B/AZUL,Adaptador USB LAN Ethernet RJ45 USB 2.0
ADAPTADOR USB LAN 2.0  B/VERDE,<h1>USB 2.0 Ethernet RJ45 adaptador USB USB 2.0 de la tarjeta de adaptador de LAN de alta velocidad de red Ethernet 10/100 Adaptador para PC windows</h1>
CONVERTIDOR MINI SDI A HDMI,Adaptador HDMI 1080P a 3G SDI BNC convertidor de vídeo 3G SDI a HDMI
EXTENDER KVM HDMI 120M 4K  (AUDIO USB),4K 120M HDMI KVM extender over IPwith IRUSB
EXTENDER HDMI 150 MT+FUENTE,Extensión Extender Hdmi A Rj45 Utp Cat 5 6 Hasta 150 Metros TX RX 1080
EXTENDER HDMI 120 MT + FUENTE,EXTENSION HDMI LAN CAT5E/CAT6 120MT
EXTENDER HDMI 30 MT POR RJ45,HDMI RJ45 Network Extender 30M HDMI to RJ45 Cable Converter Splitter Repeater by Cat 5e Cat 6 1080P
EXTENDER USB 50 MT+ 3 USB POR RJ45,"<h1 class=""ui-pdp-title"">Extension Usb Por Utp Mas Hub 4 Puertos Usb Hasta 50 Mt Rj45</h1>"
SPLITTER HDMI  4K*2K 4K 1X3,"<h1 id=""title"" class=""a-size-large a-spacing-none""><span id=""productTitle"" class=""a-size-large product-title-word-break"">Divisor HDMI 1x3 1 en 3 hacia fuera HDMI Splitter Audio Video Distribuidor Caja Soporte 3D y 4K x 2K Compatible para HDTV STB DVD PS3 proyector etc.</span></h1>"
SPLITTER HDMI  4K*2K 4K 1X2,"<h1 class=""ui-pdp-title"">Hdmi Splitter 1x2 Full Hd 4kx2k Multiplicador De Señal</h1>"
SPLITTER HDMI 4K*2K  1X4,UHD 4K*2K 3D HDMI Splitter 1 In 4 Out Durable Hard Metal HDMI 1.4b HDMI Splitter For HDTV PS Xbox360 EU US UK Plug
SWITCH  KVM   4 SALIDAS,4-puerto USB 20 kvm switch HDTV ratón/teclado/VGA Monitor de Video 200MHz 1920x1440
SWITCH  KVM   2 SALIDAS,2 Port USB VGA KVM Switch USB VGA Video KVM Commutatore Switch 2 in 1 out
SWITCH HDMI 1 X 5  1080P,"<h2 class=""title30 font-bold"">Switch Hdmi 5×1 5 Entradas 1 Salida Con Control</h2>"
SWITCH HDMI 1 X 3 4K-2K,Multiplicador 3 Puertos HDMI 4K TV DVD Switch Ultra Hd 3 en 1
SWITCH HDMI 1 X 3 4K-2K,<ul>
EXTENDER HDMI 30 MT BLISTER VERDE,<ul>
SPLITTER VGA 1X2,Support 1080P 1In 2 Out 1x2 VGA Splitter 350MHz
SPLITTER VGA 1X4,"<h1 class=""ui-pdp-title"">Splitter Vga De 1 Pc Para 4 Salidas Hasta 20 Metros Amplific</h1>"
SPLITTER HDMI 1*8 4K,Divisor de 8 puertos Hdmi 4K x 2K 3D 1 en 8 salidas amplificador de Audio y vídeo V1.4 1x8 hdmi para Tv Hd Ps3
ADAPTADOR 8 IN 1,"<h1 class=""vtex-store-components-3-x-productNameContainer mv0 t-heading-4""><span class=""vtex-store-components-3-x-productBrand "">Adaptador Tipo C a HDMI 4K USB 3.0 Lan 8 en 1 Multipuerto</span></h1>"
ADAPTADOR MHL 3 IN1 BLUETOOTH   C/V8/IP,"<h1 id=""title"" class=""a-size-large a-spacing-none""><span id=""productTitle"" class=""a-size-large product-title-word-break"">Adaptador de cable HDMI 3 en 1 Hdiwousp Tipo C/Micro USB Convertidor de teléfono a HDMI con conexión Bluetooth 1080P Espejo pantalla del teléfono a TV proyector Monitor compatible con teléfono y tableta (6 pies)</span></h1>"
ADAPTADOR MHL 3 IN1  C/V8/IP ROJO,"<h1 class=""ui-pdp-title"">Convertidor Lightning A Hdmi Micro Usb Usbc 3 En 1</h1>"
ADAPTADOR MHL TYPE C  2 MT,"<h1 class=""ui-pdp-title"">Adaptador Tipo C A Hdmi Convertidor Ultra 1080p 4k Hdtv 2mts</h1>"
ADAPTADOR MHL IPHONE 2 MT,Cable HDMI de 2M y 8 pines para IPhone 5/6/6S/6 Plus/7/7Plus adaptador de Audio para pantalla de vídeo de juegos HDTV 1080P
ADAPTADOR MHL V8,"<h1 class=""product_title entry-title"">Kit MHL cable adaptador</h1>"
ADAPTADOR TYPE C 8 IN 1 MOD2,"<h1 class=""product-title-text"" data-spm-anchor-id=""a2g0o.detail.1000016.i2.1adb634cNgITHN"">Adaptador USB tipo C 8 en 1 a HDMI RJ45 Gigabit Ethernet concentrador de puertos USB 30 con lector de tarjetas cargador PD 87W 4K</h1>"
ADAPTADOR TYPE C 8 IN 1,Adaptador USB tipo C multipuerto 8 en 1 estación de acoplamiento USB3.1 4K HD MI RJ45 SD TF PD lector de coche para ordenador y teléfono
ADAPTADOR TYPE C 5 IN 1 USB3.0*3+RJ45+HDMI+MSD,Adaptador Tipo C a HDMI 4K USB 3.0 LAN 5 en 1 Multiport
ADAPTADOR TYPE C 3 IN 1,<h1>XVZ ADAPTADOR MULTIPUERTO USB C A HDMI 4K 3 EN 1 TIPO C HUB CON USB 3.0 + USB C PUERTO DE CARGA CONVERTIDOR DIGITAL</h1>
ADAPTADOR USB 3.0 A  LAN (RJ45),"<h1 class=""ui-pdp-title"">Adaptador Conversor Internet Usb 3.0 A Ethernet Red Rj45</h1>"
ADAPTADOR TIPO C LAN (RJ45),Adaptador USB 3.1 Tipo C a Rj45 USB LAN Ethernet
ADAPTADOR  USB  LAN + 3 HUB USB 3.1,Adaptador USB 3.0 A RJ45 USB Lan Ethernet + Hub 3 Puertos
ADAPTADOR TIPO C LAN + 3 HUB USB 3.1,USB C USB3.1 Type C HUB USB 3.1 to USB 3.0 Hub 3 port with Gigabit Ethernet Network 100M/1000M Multi Port Hub Adapter
ADAPTADOR TYPE-C A HDMI,"<h1 class=""ui-pdp-title"">Adaptador Tipo-c A Hdmi Para Portátil Apple/ Windows</h1>"
ADAPTADOR TYPE-C A VGA,"<h1 title=""Adaptador USB-C a VGA USB 3.1 Tipo C Cable adaptador USB-C a VGA hembra para el nuevo Macbook Chromebook Pixel Lumia de 12 pulgadas"">Adaptador USB-C a VGA USB 3.1 Tipo C Cable adaptador USB-C a VGA hembra para el nuevo Macbook Chromebook Pixel Lumia de 12 pulgadas</h1>"
ADAPTADOR TYPE-C A DP 30 CM,"<h1 class=""ui-pdp-title"">Adaptador Convertidor Usb C Tipo C A Displayport Tipo C A Dp</h1>"
ADAPTADOR  TYPE C  A MINI DP 30 CM,USB tipo C USB 31 a mini adaptador de Cable DP USB-C a mini DisplayPort Cable convertidor 4K para Macbook pro ChromeBook Pixel
ADAPTADOR HDMI TO VGA +AUDIO,"<h1 class=""ui-pdp-title"">Convertidor De Hdmi A Vga Usb Salida Audio Y Cable Jack Mini</h1>"
ADAPTADOR MINI  DP A HDMI+DVI+VGA,<h1>MINI DISPLAYPORT 1.2 A VGA/DVI/HDMI DISPLAY 4KX2K MDP 3 EN 1 ADAPTADOR DE MONITOR COMPATIBLE CON THUNDERBOLT 2</h1>
ADAPTADOR MINI DP TO VGA,"<h1 class=""ui-pdp-title"">Cable Adaptador Mini Displayport Dp A Vga</h1>"
ADAPTADOR MINI DP TO HDMI,"<h1 class=""ui-pdp-title"">Adaptador Mini Displayport A Hdmi (hembra)full Hd 1920x1080</h1>"
ADAPTADOR DP A  DVI 24+1,Mini puerto de pantalla apoyo mujeres activas 1080P Displayport DP macho a DVI cable adaptador mach
ADAPTADOR DP A VGA 30 CM,Adaptador Convertidor Display Port Dp A Vga Dp Macho A Vga Negro
ADAPTADOR DP A  HDMI,"<h1 class=""ui-pdp-title"">Cable Adaptador Convertidor Displayport Dp A Hdmi 4k</h1>"
ADAPTADOR DP A HDMI V1.4  30 CM,"<h1 class=""ui-pdp-title"">Cable Adaptador Display Port Dp A Hdmi</h1>"
ADAPTADOR DP A  HDMI 4K-2K  30CM,4K * 2K DP Displayport macho a HDMI macho adaptador de Cable conversor DP a HDMI 4K para PC portátil proyector HD
ADAPTADOR DVI-D 24+1 A-VGA  ACTIVO,Male to FeMale Video Cable DVI-D 24+1 DVI to VGA adapter cable for Computer Laptop TV Monitor
ADAPTADOR HDMI TO VGA +AV BLISTER,"<h1 class=""ui-pdp-title"">Cable Adaptador De Hdmi A Vga Con Audio</h1>"
ADAPTADOR HDMI TO VGA +AV  CON AUDIO,"<h1 class=""ui-pdp-title"">Adaptador Conversor Convertidor Hdmi A Vga Audio Aux 1080p</h1>"
CONVERTIDOR TV BOX  MXQPRO4K  4GB+ 64GB,"<h1 class=""product-title product_title entry-title"">TV Box 4K Android MXQ Pro Convertidor a Smart TV</h1>"
CONVERTIDOR TV BOX MINI  X96MINI   4GB+ 64GB,"<h1 class=""ui-pdp-title"">Tv Box X96 S Android 8.1 Mini Stick - 4gb Ram 32gb</h1>"
CONVERTIDOR TV BOX H96 MAX 4K  4GB+ 64GB,2019 Best H.264 H.265 Ott Firmware H96 Max Rk3318 Android 9.0 4gb 32gb Android Smart Tv Box Android 4k
CONVERTIDOR TV BOX SMART X96MINI  4GB+ 64GB,X96 Mini Android TV Box - Support 5G Network 2GB RAM+16GB ROM AMLOGIC S905W Quad-core Cortex-A53 with WiFi 2.4GHz / H.265 4K HD
CONVERTIDOR ANALOGO A DIGITAL,Adaptador de convertidor de Audio Coaxial Toslink óptico RCA analógico a Digital con Cable óptico 51/71 decodificador de audio mp3 para coche
CONVERTIDOR  DIGITAL A ANALOGO,Convertidor de Audio Digital a analógico Coaxial óptico 35 MM DAC Digital Toslink a adaptador analógico estéreo L/R
CONVERTIDOR AV RCA() A VGA + FUENTE,"<h1 class=""product-title-text"" data-spm-anchor-id=""a2g0o.detail.1000016.i2.3d1e4f158RqsAJ"">Convertidor de s-video compuesto RCA AV a VGA con fuente de alimentación USB para convertidor de TV a PC (cable VGA no incluido)</h1>"
CONVERTIDOR VGA A  AV  (RCA) + FUENTE  CJ VERDE,"<h1 class=""ui-pdp-title"">Adaptador Convertidor Vga A Rca Tv S-video Con Cables</h1>"
CONVERTDIOR VGA A HDMI BLISTER AZUL,Convertidor De Adaptador VGA A HDMI VGA Macho A HDMI-Negro
CONVERTDIOR VGA+AV A HDMI METALICO  + FUENTE,"<h1 class=""ui-pdp-title"">Convertidor Vga A Hdmi Con Audio Vga 2 Hdmi 1080p H</h1>"
CONVERSOR VGA A  HDMI  30cm  (CAJA VERDE ),"<h1 class=""ui-pdp-title"">Adaptador Convertidor Vga A Hdmi C/cable Audio Video Fullhd</h1>"
CONVERTIDOR  AV (RCA)  A VGA MINI CJ AZUL,Convertidor de conector AV a VGA Mini vga de 1080P a RCA av BNC adaptador AV a VGA con Audio de 35mm para HDTV PC
CONVERTIDOR VGA A AV(RCA) MINI CJ AZUL,Convertidor de conector VGA a AV Mini vga de 1080P a RCA av BNC adaptador VGA a AV con Audio de 35mm para HDTV PC
CONVERTIDOR VGA A HDMI MINI CJ AZUL,Descripción
REPETIDOR WIFI DIRECTO LV-WR29 PIX LINK,"<h1 class=""product-title-text"" data-spm-anchor-id=""a2g0o.detail.1000016.i2.7e2d3dd5CrxPJy"">Pixlink-repetidor WIFI inalámbrico extensor de largo alcance amplificador de señal punto de acceso Wlan WR29 WR03</h1>"
REPETIDOR WIFI DIRECTO LV-WR13B PIX LINK,Repetidor inalámbrico de 300Mbps enrutador extensor de potenciador Wifi AP
REPETIDOR WIFI PARA PARED,Amplificador De Señal Wifi - Repetidor Wifi Repetidor 300mpbs
MINI ROUTER + REPETIDOR PIX LINK LV-WR11,"<h1 class=""ui-pdp-title"">Mini Router 300m Amplificador Repetidor Wifi Inalambrico</h1>"
REPETIDOR WI-FI + ROUTER + AP PIX LINK 4 ANTENAS LV-WR09,"<h1 class=""product_title entry-title"">Repetidor Wifi – Mini Router con 4 Antenas Wireless-N Pix-Link LV-WR09</h1>"
REPETIDOR WIFI PIX LINK LVWR12,"<h1 class=""product-title-text"" data-spm-anchor-id=""a2g0o.detail.1000016.i2.2bba62613L0Kji"">Repetidor de LV-WR12 portátil enrutador WIFI de 300mbps 802.11b/G/n antenas de señal potenciadores amplificador de extensión expansor de rango</h1>"
RECEPTOR NANO WIFI + BLUETOOTH 4.0,"<h1 class=""product-title-text"" data-spm-anchor-id=""a2g0o.detail.1000016.i2.4f5e5f9evPah40"">Adaptador USB wifi Bluetooth V4.0 tarjeta de red inalámbrica transmisor de antena wifi para PC receptor de Internet LAN 802.11b/n/g TEROW</h1>"
RECEPTOR WIFI NANO USB WIFI LV-UW06 CJ.NEGRA,"<h1 class=""title title-product"">ADAPTADOR WIFI LV-UW06 NANO DOBLE BANDA 950MBPS; USB 2.0 WIRELESS NEGRO</h1>"
RECEPTOR WIFI NANO ALFA NEXT UW06,"<h1 class=""product_title entry-title"">ALFA USB Wifi Adapter Mini Wireless USB Adapter 802.11n</h1>"
REPETIDOR USB WI-FI PIX LINK LV-UE03,Router WIFI 300mbps Repetidor de Señal Extender Lv-ue03 Negro
CONSOLA DE JUEGO 620 JUEGOS,Consola de juegos clásica 620 integrada con 2 controladores consola
MANDO + SOPORTE TABLET IPEGA PG-9023G,"<h1 class=""ui-pdp-title"">Mando Para Celular 9023s Bluetooth Gamepad Android Ipega</h1>"
MANDO ALAMBRICO MODELO SUPER PARA PC  LAPTOP,2 Mandos Retro para PC y TV Box
MANDO ALAMBRICO XBOX 360,MANDO ALAMBRICO XBOX 360
MANDO 7 IN 1 (P1 P2 P3 PC PC360 TV),Mando Retro Joystick Inalámbrico
MANDO V8 PARA CELULAR BLUETOOTH,MANDO V8 PARA CELULAR BLUETOOTH
ADAPTADOR USB PARA MANDO PS2/GUITAR,convertidor adaptador PS2 a PS3/PC.
ADAPTADOR USB 2.0 A PS2 II 2 HEMBRA,Convertidor Adaptador De Ps1 Ps2 Y Psx Usb
COMBO GAMER PARA CELULAR Y PC 2 IN 1,COMBO GAMER PARA CELULAR Y PC 2 IN 1
COMBO GAMER PARA CELULAR Y PC 4 IN 1,KIT GAMER 4 EN 1 COMBO PACK BLUETOOTH MOBILE
TECLADO ESPAÑOL MULTIFUNCIONAL FC-715,"<h1 class=""product_title entry-title"">Teclado Usb Multimedia Weibo FC-715</h1>"
TECLADO MECANICO  GAMERS AS-808,"<h3 class=""elementor-heading-title elementor-size-default"">TECLADO MECANICO USB AOAS AS 808 GAMER</h3>"
TECLADO GAMERS WB-711,TECLADO GAMERS
TECLADO GAMERS WB-100,"<h1 class=""ui-pdp-title"">Teclado Gamer Weibo Wb-100 Ergonómico Dark Hero</h1>"
TECLADO GAMERS AOAS COMBO 4 IN 1 (AS-1099),AOAS COMBO 4 IN 1
MOUSE INALAMBRICO WEIBO (RF-2820B),MOUSE INALAMBRICO WEIBO
MOUSE INALAMBRICO WEIBO (RF-2819B),MOUSE INALAMBRICO WEIBO
MOUSE INALAMBRICO AOAS (R-603),Mouse Optico Inalambrico USB Aoas 2.4 Ghz Wireless Delgado Celeste
MOUSE INALAMBRICO AOAS (V01),"<h1 class=""ui-pdp-title"">Mouse Pro Gamer Aoas V01 Game Glow Cool Rgb Led 3200dpi</h1>"
MOUSE GAMER INALAMBRICO WEIBO (FC-5160),"<h1 class=""product_title entry-title"">MOUSE GAMER 6 BOTONES ILUMINADO WEIBO</h1>"
MOUSE WEIBO  ALAMBRICO (FC-143B),MOUSE OPTICO WEIBO ALAMBRICO 4 COLORES
TECLADO + MOUSE INALAMBRICOS WEIBO (WB-8012),"<div class=""feature"">"
TECLADO GAMERS AOAS + LUCES (M-888),TECLADO RETROILUMINADO TIPO ARCOIRIS
PAD MOUSE BORDADO MODELO FROZEN,PAD MOUSE BORDADO CON DISEÑO
PAD MOUSE BORDADO MODELO HELLO KITTY,PAD MOUSE BORDADO CON DISEÑO
PAD MOUSE CON DISEÑO 40 x 90cm,PAD MOUSE BORDADO CON DISEÑO
PAD MOUSE CON DISEÑO 40 x 80cm,PAD MOUSE BORDADO CON DISEÑO
PAD MOUSE CON DISEÑO 30 x 80cm,PAD MOUSE BORDADO CON DISEÑO
PAD MOUSE CON DISEÑO 30 x 70cm,PAD MOUSE BORDADO CON DISEÑO
PAD MOUSE CON DISEÑO 30 x 60cm,PAD MOUSE BORDADO CON DISEÑO
PAD MOUSE 30 x 35cm,PAD MOUSE BORDADO CON DISEÑO
PAD MOUSE CON DISEÑOS 25 x 29cm,Mouse Pad Gamer 25 x 29 cm.
PAD MOUSE CON DISEÑOS 20 x 24cm,PAD MOUSE BORDADO CON DISEÑO
PAD MOUSE  NEGRO 18 x 22 cm,PAD MOUSE BORDADO NEGRO
PAD MOUSE CON DISEÑOS 18 x 22 cm,Mouse Pad Gamer 18 x 22 cm.
PAD MOUSE GAMER RGB  30X80CM,Pad Gamer con luces RGB 30CMX80CM
PAD MOUSE GAMER RGB CON DISEÑO 30X80CM,Pad Gamer con luces RGB 30CMX80CM
PAD MOUSE GAMER RGB 30X35CM,Pad Gamer con luces RGB 30CM X 35XM
PAD MOUSE GAMER RGB CON DISEÑO 29X35CM,Pad Gamer con luces RGB 29CMX35CM
PAD MOUSE CON GEL CON DISEÑOS VARIADOS,PAD MAUSE CON GEL CON DISEÑO.
PAD MOUSE CON GEL,PAD MAUSE CON GEL COLOR ENTERO
PAD MOUSE  CON POSADOR DE GEL MODELO ANIME+18,"<h1 class=""product_title entry-title"">Pad Mouse con Gel y descanso de muñeca</h1>"
PROTECTOR TABLET GRANDE DISTINTAS MARCAS,"APPLE : (IPAD PRO 11"" / 10.2"" / 10.5"" AIR 3 / AIR 2 IPAD 6 / NEW 97¨ 2017-2018-2019 AIR 1 / IPAD 2/3/4 / MINI 6 (2021) )"
CASE FUNDA FLIP GIRATORIA 360°,<b>Protector UNIVERSAL de 7/8/9 y 10 Pulgadas</b>
"FUNDA UNIVERSAL EVA NIÑOS MOSTRITO 7""",CARTON BEBY (TAB3/P3200/7 INCH)
PROTECTOR DE TABLET UNIVERSAL EVA 7”(GUITARRA),GUITARRA (TAB3/P3200/7 INCH)
PROTECTOR DE TABLET UNIVERSAL EVA 7” (MARIPOSA),MARIPOSA (TAB3/P3200/7 INCH)
UNIVERSAL TABLET COVER FUNDA DE CUERO CON TECLADO Bluetooh,FUNDA CON TECLADO BLUETOOH
CASE PARA TABLET MODELO POP IT,MEDIDA CHICA: (SAM. TAB A 8” T290 / T295 / SAM. TAB A7 LITE 8.7” T220 /T225 / LENOVO TAB M8 HD / 8505F)
SUPER CLASIC MINI HD TV NES,super classic mini HD TV NES game SN-02 bulit-in 821 games console 8 bit games home entertainment system
SUP GAME BOX CONSOLA DE VIDEOJUEGOS,SUP GAME BOX CONSOLA DE VIDEOJUEGOS INCLUYE MANDO Y CONEXIÓN TV
TECLADO + MOUSE INALAMBRICOS WEIBO (WB-8066),Kit Teclado Y Mouse Inalámbrico Weibo Wb-8066
TECLADO + MOUSE INALAMBRICOS WEIBO (WB-8077),Teclado E Mouse Bluetooth Ou Wireless / iPad Android wb-8077
TECLADO + MOUSE INALAMBRICOS WEIBO (WB-8068),Teclado Y Mouse Inalambrico Multimedia 2.4ghz Weibo Wb-8068
GAMEPAD EMULADOR MANDO X3,Gamepad Emulador Mando X3 con Bluetooth para Celular Android Ios
GB STATION MINICONSOLA PORTATIL,<div></div>
MOUSE GAMER ALAMBRICO WEIBO + 7 FUNCIONES (X7),<div></div>
MOUSE INALAMBRICO WEIBO (RF-2818B),Mouse Optico Inalambrico USB Weibo 2.4 Ghz Wireless
MOUSE GAMER ALAMBRICO WEIBO (M39),<div></div>
MOUSE ALAMBRICO WEIBO (WB-024),<div></div>
MAUSE ALAMBRICO M36,<div>Marca: Weibo</div>
PARLANTE AK1132,<div></div>
HAF U20  PARLANTE PORTATIL,<div></div>
PARLANTE DE DUCHA,<div>PARLANTE MINI DE DUCHA</div>
PARLANTE Q3,<div></div>
Strong Bass J ET-901,&nbsp;
PARLANTE LINTERNA,<div></div>
PARLANTE HF,<div></div>
AUDIFONOS GATO-BK1,<div></div>
AUDIFONOS M2,<div></div>
AUDIFONOS TV10,AUDIFONOS CON MICROFONO INCORPORADO MODELO PLEGABLE
AUDIFONOS T590,AUDIFONOS CON MICROFONO INCORPORADO MODELO GAMER
AUDIFONO XY-940,"<h1 class=""pp_spd"">Auriculares bluetooth inalámbricos del OEM con el auricular plegable estéreo bajo de la venda de la tarjeta del SD del micrófono</h1>"
AUDIFONO AS90,AUDIFONOS CON MICROFONO INCORPORADO MODELO GAMER
AURICULARES KUBITE T2,Auriculares KUBITE T2
AUDIFONOS KUBITE K-17,KUBITE-auriculares K-17 Pro para videojuegos cascos por encima de la oreja con USB 35mm reducción de ruido con micrófono para PC y Escritorio
AUDIFONOS TIPO GATO CXTB39,<div></div>
AUDIFONOS GAMER SZ881PRO,AUDIFONOS CON MICROFONO INCORPORADO MODELO PLEGABLE
AUDIFONOS  KUBITE T996,AUDIFONOS PARA PC KUBITE T996
CASE PARA TABLET UNIVERSAL MODELO POP IT,Case para Tablet Modelo Pop It
Consola de Juegos K5,K5 Plus Consola de juegos de mano retro
AUDIFONOS EXTRA BASS 450AP,AUDIFONOS CON MICROFONO INCORPORADO MODELO PLEGABLE
CABLE HDMI A HDMI 1 Mts a 20 Mts  RENDONDO V2.0 4K,<ul>
CABLE HDMI HDMI  1.5 Mts a 20  PLANO,<ul>
CABLE HDMI A HDMI 1.5 - 20 Mts REDONDO,<ul>
CABLE HDMI A HDMI  1.5 a 30 Mts  V1.4  ENMALLADO,<strong>Marca:</strong> GENERICO
CABLE VGA VGA 3 A 10 Mts MALLA,El cable VGA de Alta Resolución (3 metros) MXTMMHQ3M está diseñado para proporcionar la máxima calidad de video posible a través de VGA por lo que resulta la solución ideal para aplicaciones que requieren resoluciones de 1920x1200 o superiores.
CABLE VGA VGA 1.5 a 20 Mts,<ul>
CABLE HDMI A HDMI 1.5 MT + MINI+ CRICRO,<ul>
CABLE PARA PLAY  1  2 y 3,Cable AV de Audio y vídeo de alta calidad Cable de Cable a 3 RCA Cable de TV para Playstation PS1 PS2 Cable de consola PS3
CABLE DVD  1.5MT PVC,"<ul class=""ui-pdp-list__wrapper"">"
CABLE AUDIO PLUG A 2 RCA 1.5MT PVC,"<em data-spm-anchor-id=""a2700.wholesale.0.i32.5677c3b1oTQhyW"">Plug macho estéreo a 2 RCA macho Phono Audio cable de altavoz.</em>"
CABLE EXTENSION DE AUDIO 1.5 MT a 3 MT Macho a Hembra,<ul>
CABLE AUDIO PLUG A PLUG 1.5 Mts,<ul>
CABLE PODER REDONDO  1.5 - 1.8 Mts,Cable alimentador de poder de 1.5 a 1.8 Mts.
CABLE TREBOL / TRILLIZO REDONDO 1.5 - 1.8 Mts,<ul>
CABLE TIPO 8 PLANO 1.5 MT PVC,<ul>
CABLE OPTICO OD6  1.5 MT - 3 MT,<ul>
CABLE OPTICO OD2.20FINO  3 MT,<ul>
Cable HDMI a MINI HDMI 1.5MT. PVC,<strong>Largo del cable:</strong> 1.5 metros
CABLE HDMI A RCA 1.5 MT ENMALLADO,"<ul class=""a-unordered-list a-vertical a-spacing-mini"">"
CABLE HDMI A DVI 24+1  1.5 MT  ENMALLADO,<ul>
CABLE DVI 24+1  A DVI 24+1 1.5 MT ENMALLADO,Cable DVI-D de 15 metros de longitud reforzado con malla de nylon trenzada que le da una alta resistencia. Preparado para conectar monitores con conexión DVI a las nuevas tarjetas gráficas que incorporen conectores DVI.
CABLE VGA A DVI  1.5 MT 24+1 ENMALLADO,"<ul class=""sc-eUWgFQ hcHFJT"">"
CABLE PARALELO DB25 (PARALELO) MACHO A MACHO,25Pin DB25 paralelo macho a hembra impresora LPT DB25 Cable de M-F 15 M Cable de ordenador Cable de extensión de impresora 25 Pin LPT
CABLE PARALELO DB25 MACHO a PARALELO 36 Pines Hembra 1.50 MT,"<ul class=""a-unordered-list a-vertical a-spacing-mini"">"
"CABLE  ""Y""  VGA MACHO a 2 VGA HEMBRAS","<ul class=""list-paddingleft-2"">"
"CABLE VGA MACHO a 2 VGA HEMBRA CABLE ""Y""",<ul>
CABLE DP A DP 1.5 MT,Alta calidad 1.8M varón de DisplayPort al cable de extensión DisplayPort macho. Aplicaciones Con conexión entre ordenador portátil y monitor proyector etc.
CABLE MINI DP A DP 1.5 MT,Tipo de conector: DisplayPort
CABLE MiNi DP TO HDMI 1.8Mts,• Compatibilidad con resoluciones de alta definición de hasta 4k x 2k.
CABLE DE USB 2.0 A PARALELO (36 PINES) PVC,Adaptador de impresora cable USB 2.0 a 36 pines paralelo IEEE 1284 adaptador de impresora cable convertidor cable
CABLE DE USB 2.0 A SERIAL RS232 + ADAPTADOR,Cable que permite conectar computadoras tablets o celulares desde el puerto USB con periféricos que cuentan con puerto serial DB9 o DB25.
CONVERTIDOR HDMI A VGA MINI,Diseño compacto.
CONVERTIDOR AV(RCA) A HDMI MINI,Puerto de entrada: RCA (amarillo blanco rojo).
CONVERTIDOR HDMI A AV (RCA) MINI,<ul>
CONVERTIDOR USB 3.0 A HDMI,#¿NOMBRE?
CONVERTIDOR USB 3.0 A VGA,USB 30 a VGA Multi-Display Adaptador convertidor de Cable Video externo tarjeta gráfica SD998
CONVERTDIOR VGA A HDMI,"<ul class="""">"
CONVERTDIOR VGA+AV A HDMI METALICO + FUENTE,<ul>
